ISIN,Rendimento_annuo%,Volatilita_annua%,Sharpe_Ratio,Max_Drawdown%,Beta,Alpha%,Perf_1mese%,Perf_6mesi%,Perf_1anno%,Nome,SFDR
LU3121015211,52.19,15.76,3.121,-10.31,,,10.54,,,State Street Emerging Markets Screened Enhanced Equity Fund - Ucits Etf Class,Art. 8
IE0007WMHDE3,40.6,13.73,2.737,-4.11,,,5.21,,,Making Europe Great Again Ucits Etf,Art. 8
IE0005HNE843,31.69,11.35,2.529,-4.18,0.562,21.464,6.63,,,Wisdomtree Europe Value Ucits Etf - Eur Acc,Art. 8
IE000JZYIUN0,53.47,20.32,2.484,-8.62,1.082,37.23,13.2,,,Xtrackers Msci Sdg7 Cleanenerg Ucits Etf,Art. 8
IE000MELAE65,54.75,21.17,2.445,-11.22,,,-3.35,,,Ishares Msci World Energy Sector Advanced Ucits Etf,Art. 8
IE000MELAE65,54.75,21.17,2.445,-11.22,,,-3.35,,,Ishares Msci World Energy Sector Advanced Ucits Etf,Art. 8
LU2976312418,31.96,12.02,2.409,-6.52,,,6.04,,,Yis Msci Canada Universal Ucits Etf Eur,Art. 8
IE000MRIQ479,36.06,13.96,2.368,-9.02,0.817,17.967,6.42,,,L&G Global Quality Dividends Ucits Etf,Art. 8
IE00BF0M2Z96,81.54,33.28,2.36,-14.23,1.868,55.686,23.83,,,L&G Battery Value-Chain Ucits Etf,Art. 8
IE00BF0M2Z96,81.54,33.28,2.36,-14.23,1.868,55.686,23.83,,,L&G Battery Value-Chain Ucits Etf,Art. 8
IE000YU9K6K2,108.89,46.03,2.301,-20.2,1.917,85.275,21.11,,,Vaneck Space Innovators Ucits Etf,Art. 8
IE000YU9K6K2,108.89,46.03,2.301,-20.2,1.917,85.275,21.11,,,Vaneck Space Innovators Ucits Etf,Art. 8
IE00BMYDM919,32.48,13.0,2.267,-6.8,0.742,20.399,8.15,,,L&G Europe Ex-Uk Quality Dividends Equal Weight Ucits Etf,Art. 8
IE00BK5BCH80,62.55,26.51,2.246,-9.85,1.574,40.289,12.03,,,L&G Clean Energy Ucits Etf,Art. 9
IE0004U3TX15,58.92,26.99,2.072,-13.46,1.691,35.235,20.47,,,L&G Metaverse Ucits Etf,Art. 8
IE000OKVTDF7,33.29,14.89,2.034,-8.3,,,9.95,,,Ishares Msci Usa Value Factor Advanced Ucits Etf Usd (Acc),Art. 8
IE000H1H16W5,33.31,15.02,2.019,-9.12,,,7.84,17.31,,Ishares Msci World Value Factor Advanced Ucits Etf Usd (Acc),Art. 8
IE00BNC0MH93,56.3,26.61,2.003,-16.05,,,14.63,,,Ubs Msci Em Ex China Socially Responsible Ucits Etf Usd Acc,Art. 8
IE00BQQ3Q067,31.0,14.16,1.977,-7.6,0.86,17.476,9.7,,,Wisdomtree Emer Mkt Eq Inc Ucits Etf Dis,Art. 8
IE000KHX9DX6,88.86,44.05,1.949,-24.69,2.016,61.188,25.73,,,Wisdomtree Strategic Metals And Rare Earths Miners Ucits Etf - Usd Acc,Art. 8
IE00BMYDM794,58.89,29.68,1.883,-15.93,1.586,36.488,21.28,,,L&G Hydrogen Economy Ucits Etf,Art. 9
IE00BDF12W49,29.21,14.07,1.863,-7.54,0.819,16.18,9.1,,,Wisdomtree Emer Mkt Eq Inc Ucits Etf Acc,Art. 8
IE0005E47AH7,39.74,20.51,1.791,-9.41,1.161,22.541,6.32,,,Xtrackers Msci Sdg9 Inn Infras Ucits Etf,Art. 8
IE00BMYDMB35,32.83,16.71,1.786,-10.86,0.916,18.626,5.97,,,L&G Apac Ex-Japan Quality Dividends Equal Weight Ucits Etf,Art. 8
IE0006SEWKA2,38.01,19.72,1.775,-10.28,,,10.67,,,Jpm Global Em Rei Ucits Etf Eur Acc,Art. 8
IE000Y6ZXZ48,34.96,18.11,1.764,-8.16,1.174,15.703,14.97,,,Xtrackers Msci Global Circular Economy Ucits Etf,Art. 8
IE000ANHU3J3,37.03,19.47,1.748,-12.1,,,11.64,,,Jpm Global Emerging Markets Research Enhanced Index Equity Sri Paris Aligned Active Ucits Etf,Art. 9
IE000O8S1EX4,33.91,17.9,1.726,-10.43,1.177,18.247,9.82,,,Jpm Climate Change Sol Ucits Etf Usd Acc,Art. 9
IE00BJ5JP766,40.59,21.81,1.723,-16.54,,,12.01,,,Ishares Msci World Materials Sector Advanced Ucits Etf,Art. 8
IE00BJ5JP766,40.59,21.81,1.723,-16.54,,,12.01,,,Ishares Msci World Materials Sector Advanced Ucits Etf,Art. 8
IE000QUCVEN9,23.15,12.0,1.679,-7.08,0.631,12.433,5.23,,,Rize Glob Sust Infrastructure Ucits Etf,Art. 9
IE00BD6RZT93,21.17,11.01,1.651,-8.3,0.4,13.278,4.61,,,Wisdomtree Us Equity Incom Ucits Etf Acc,Art. 8
IE00BMDV7354,37.46,20.91,1.648,-11.77,1.313,20.341,11.14,,,Jpm Ac Asia Ex Jp Rei Ucits Etf Usd Acc,Art. 8
IE000L5NW549,36.62,20.54,1.637,-11.8,,,13.35,18.68,,Ishares Msci World Momentum Factor Advanced Ucits Etf Usd (Acc),Art. 8
LU1048313891,41.94,23.8,1.636,-11.34,,,12.7,,,Ubs Msci Em Socially Responsible Ucits Etf Usd Dis,Art. 8
LU1048313891,41.94,23.8,1.636,-11.34,,,12.7,,,Ubs Msci Em Socially Responsible Ucits Etf Usd Dis,Art. 8
LU0476289540,27.72,15.13,1.634,-8.74,0.916,13.508,8.48,,,Xtrackers Msci Canada Screened Ucits Etf,Art. 8
LU3249968184,23.8,12.78,1.628,-6.46,,,7.68,,,Yis Msci North America Selection Ucits Etf Usd,Art. 8
IE00BYQCZJ13,39.81,22.71,1.621,-10.93,,,4.54,,,Wisdomtree Jap Eq Ucits Etf Eur Hed Acc,Art. 8
IE00BF4G6Z54,39.81,22.79,1.615,-12.51,1.43,21.431,12.44,,,Jpm Global Em Rei Ucits Etf Usd Acc,Art. 8
IE000U58J0M1,45.99,27.06,1.589,-11.34,,,9.6,,,Ishares Global Clean Energy Transition Ucits Etf  Usd (Acc),Art. 9
IE000U58J0M1,45.99,27.06,1.589,-11.34,,,9.6,,,Ishares Global Clean Energy Transition Ucits Etf  Usd (Acc),Art. 9
IE000GOJO2A3,39.16,22.97,1.574,-13.5,1.45,20.568,8.62,,,Vanguard Esg Dev Asiapac Ucits Etf Usd A,Art. 8
IE000GOJO2A3,39.16,22.97,1.574,-13.5,1.45,20.568,8.62,,,Vanguard Esg Developed Asia Pacific All Cap Ucits Etf (Usd) Accumulating,Art. 8
IE000CBYU7J5,37.35,21.83,1.574,-12.4,1.349,17.834,10.99,,,L&G Emerging Markets Equity Ucits Etf,Art. 9
IE000NS5HRY9,23.05,12.77,1.57,-8.44,0.873,9.372,7.02,,,Xtrackers Msci Wld Highdiv Esg Ucits Etf,Art. 8
IE000LAUZQT6,28.53,16.3,1.567,-10.37,1.142,11.562,8.97,,,Xtrackers Msci World Value Esg Ucits Etf,Art. 8
IE0008T6IUX0,39.19,23.23,1.558,-13.29,1.457,20.52,8.64,,,Vanguard Esg Dev Asia Pa Ucits Etf Usd D,Art. 8
IE0008T6IUX0,39.19,23.23,1.558,-13.29,1.457,20.52,8.64,,,Vanguard Esg Developed Asia Pacific All Cap Ucits Etf (Usd) Distributing,Art. 8
LU3121015484,27.63,15.81,1.558,-9.28,,,6.74,,,State Street Europe Small Cap Screened Equity Fund - Ucits Etf Class,Art. 8
IE000H3AH951,25.92,14.78,1.551,-9.47,,,6.27,,,Ubs Ftse Epra Nareit Developed Green Ucits Etf Usd Dis,Art. 8
IE00BD6RZW23,20.19,11.13,1.545,-2.46,,,-2.13,,,Wisdomtree Us Eq In Ucits Etf Eu Hed Acc,Art. 8
IE0005AJA0P1,28.11,16.27,1.544,-9.46,0.871,18.937,6.49,,,L&G Global Quality Dividends Ucits Etf,Art. 8
IE000D6810F1,20.12,11.12,1.539,-7.97,,,6.59,10.15,,Ishares Msci Usa Quality Dividend Advanced Ucits Etf Usd (Acc),Art. 8
IE00BKPSFC54,22.43,13.28,1.464,-7.56,,,7.29,,,Ishares Msci World Quality Dividend Advanced Ucits Etf Ishares Msci World Quality Dividend Advanced Uc,Art. 8
LU1215452928,22.34,13.28,1.457,-8.7,,,8.62,,,Ubs Factor Msci Emu Prime Value Screened Ucits Etf Eur Dis,Art. 8
LU1215452928,22.34,13.28,1.457,-8.7,,,8.62,,,Ubs Factor Msci Emu Prime Value Screened Ucits Etf Eur Dis,Art. 8
IE00B1XNHC34,47.64,30.71,1.453,-11.28,,,6.43,,,Ishares Global Clean Energy Transition Ucits Etf,Art. 8
LU0292107991,36.2,23.27,1.427,-13.84,1.432,15.684,12.34,,,Xtrackers Msci Em Asia Screened Swap Ucits Etf,Art. 8
IE000TD3TI26,19.61,11.71,1.419,-7.74,0.728,8.779,5.88,,,Jpm Us Value Eq Active Ucits Etf,Art. 8
IE00B3VWM098,24.94,15.66,1.401,-6.14,,,7.87,,,Ishares Msci Usa Small Cap Esg Enhanced Ctb Ucits Etf,Art. 8
IE0007UE04X9,54.62,36.86,1.4,-16.95,0.87,40.978,11.46,,,Wisdomtree Strategic Metals Ucits Etf Usd Acc,Art. 8
IE000P3D0W60,43.97,29.57,1.385,-13.53,1.596,21.438,11.34,,,Wisdomtree Renewable Energy Ucits Etf,Art. 9
IE00BYVJRP78,35.93,23.81,1.383,-12.33,1.382,17.148,10.49,,,Ishares Msci Em Sri Ucits Etf Usd (Acc),Art. 8
IE00BYVJRP78,35.93,23.81,1.383,-12.33,1.382,17.148,10.49,,,Ishares Msci Em Sri Ucits Etf Usd (Acc),Art. 8
IE0004MFRED4,18.04,10.93,1.376,-6.84,0.627,7.367,5.93,,,Xtrackers S&P 500 Equal Weight Scored & Screened Ucits Etf,Art. 8
LU2976314208,32.76,22.05,1.35,-9.46,,,5.06,,,Yis Msci Japan Universal Ucits Etf Eur H Acc,Art. 8
IE000AN3AFZ1,30.48,20.89,1.316,-11.42,1.295,13.39,11.7,,,Jupiter Origin Global Smaller Companies Ucits Etf,Art. 8
IE00BGDQ0T50,31.11,21.42,1.312,-12.02,,,11.14,,,Ishares Msci Em Sri Ucits Etf Usd (Dist),Art. 8
IE00BMDH1538,47.1,33.67,1.31,-23.17,1.565,27.261,26.0,,,Vaneck Hydrogen Economy  Ucits Etf,Art. 9
IE000BRX9DZ0,20.41,13.41,1.298,-5.94,,,7.57,,,State Street All World Enhanced Active Equity Ucits Etf (Acc),Art. 8
IE00BRB36B93,31.75,22.32,1.288,-9.96,,,6.19,,,Xtrackers Msci Japan Screened Ucits Etf,Art. 8
LU3121015138,25.69,17.64,1.286,-9.95,,,6.88,,,State Street Emu Screened Equity Fund - Ucits Etf Class,Art. 8
IE00BMDV7578,23.02,15.71,1.274,-7.11,0.685,12.654,8.95,,,Jpm China A Rei Ucits Etf Usd Acc,Art. 8
LU3121015567,21.16,14.44,1.258,-9.27,,,6.38,,,State Street Europe Screened Enhanced Equity Fund - Ucits Etf Class,Art. 8
IE0000P0RPE6,17.58,11.7,1.247,-6.84,,,6.17,8.75,,Ishares Wld Equity High Income Ucits Etf,Art. 8
IE0000P0RPE6,17.58,11.7,1.247,-6.84,,,6.17,8.75,,Ishares World Equity High Income Ucits Etf Usd (Acc),Art. 8
IE000KJPDY61,17.95,11.99,1.246,-6.77,,,6.15,8.92,,Ishares World Equity High Income Ucits Etf Usd (Dist),Art. 8
IE0007WLHX89,20.18,14.09,1.219,-9.25,,,7.7,,,Robeco 3d European Equity Ucits Etf Eur Acc,Art. 8
IE00BM9TSP27,31.89,23.76,1.216,-12.9,1.452,11.129,11.81,,,Wisdomtree Emer Exstateown Ucits Etf,Art. 8
IE0001UQQ933,18.17,12.48,1.215,-6.61,,,6.86,,,L&G Gerd Kommer Multifactor Equity Ucits Etf,Art. 8
IE000U1MQKJ2,21.26,15.1,1.209,-9.66,,,7.71,10.5,,Ishares Msci World Quality Factor Advanced Ucits Etf,Art. 8
IE000U1MQKJ2,21.26,15.1,1.209,-9.66,,,7.71,10.5,,Ishares Msci World Quality Factor Advanced Ucits Etf,Art. 8
IE00BLRPRR04,25.22,18.45,1.204,-10.54,1.122,8.493,9.74,,,Rize Environmental Impact 100 Ucits Etf,Art. 9
LU1659681313,21.75,15.84,1.184,-10.83,,,9.18,,,Bnp Paribas Easy Msci Emerging Sri Pab Ucits Etf,Art. 9
LU1659681313,21.75,15.84,1.184,-10.83,,,9.18,,,Bnp Paribas Easy Msci Emerging Sri Pab Ucits Etf,Art. 9
IE0003NQ0IY5,19.74,14.32,1.169,-9.6,1.006,4.435,7.89,,,Xtrackers Msci World Qual Esg Ucits Etf,Art. 8
LU2194447293,17.47,12.45,1.163,-6.3,,,5.04,,,Bnp Paribas Easy Ecpi Global Esg Blue Economy Ucits Etf,Art. 9
LU2194447293,17.47,12.45,1.163,-6.3,,,5.04,,,Bnpp Ecpi Glb Esg Blue Economy Ucits Etf,Art. 9
IE0000902GT6,29.6,23.13,1.15,-13.79,1.459,8.745,12.77,,,Wisdomtree Megatrends Ucits Etf,Art. 8
IE00BLB2GT26,11.01,6.98,1.147,-3.6,,,3.06,,,Ishares Moderate Portfolio Ucits Etf,Art. 8
IE000IDLWOL4,15.81,11.22,1.141,-7.14,,,5.55,,,Xtrackers S&P 500 Equal Weight Scored & Screened Ucits Etf,Art. 8
NL0010408704,19.2,14.38,1.127,-7.97,,,7.02,,,Vaneck World Equal Weight Screened Ucits Etf,Art. 8
NL0010408704,19.2,14.38,1.127,-7.97,,,7.02,,,Vaneck World Equal Weight Screened Ucits Etf,Art. 8
IE000Q8N7WY1,16.9,12.33,1.127,-6.08,,,7.38,,,Robeco 3d Global Equity Ucits Etf Usd Acc,Art. 8
IE00BDF16007,35.89,29.4,1.119,-12.5,0.518,25.566,7.95,,,Wisdomtree Europe Eq Incom Ucits Etf Acc,Art. 8
IE00BM9TV208,18.2,13.63,1.115,-9.21,,,4.98,,,Ubs S&P Dividend Aristocrats Esg Elite Ucits Etf Heur Dis,Art. 8
IE00BKTLJB70,24.19,19.12,1.109,-10.23,,,10.68,,,Ishares Smart City Infra Ucits Etf Usd (Dist),Art. 9
IE000A7N3IV0,18.41,13.96,1.104,-8.87,0.999,4.673,8.64,,,Jpm All Country Research Enhanced Index Equity Active Ucits Etf,Art. 8
IE000D8XC064,17.79,13.47,1.099,-7.85,,,7.83,8.74,,Ishares World Equity Enhanced Active Ucits Etf Usd (Acc),Art. 8
IE000D8XC064,17.79,13.47,1.099,-7.85,,,7.83,8.74,,Ishares Wrld Eq Enhanced Actv Ucits Etf,Art. 8
IE00BDVPNG13,34.46,28.65,1.098,-15.61,1.786,9.612,16.03,,,Wisdomtree Artif Intel Ucits Etf Usd Acc,Art. 8
IE00BDVPNG13,34.46,28.65,1.098,-15.61,1.786,9.612,16.03,,,Wisdomtree Artificial Intelligence Ucits Etf - Usd Acc,Art. 8
IE00BKTLJC87,23.4,18.9,1.079,-10.16,,,10.07,,,Ishares Smart City Infra Ucits Etf Usd (Acc),Art. 8
IE00BKTLJC87,23.4,18.9,1.079,-10.16,,,10.07,,,Ishares Smart City Infra Ucits Etf Usd A,Art. 8
IE00BKTLJC87,23.4,18.9,1.079,-10.16,,,10.07,,,Ishares Smart City Infrastructure Ucits Etf Usd (Acc),Art. 8
IE000WHL2ZK1,15.06,11.37,1.061,-6.69,,,6.65,7.41,,Ishares U.S. Equity High Income Ucits Etf Usd (Dist),Art. 8
IE00094GSCQ4,17.6,13.85,1.054,-7.91,0.991,2.465,8.44,,,Xtrackers World Equity Enhanced Active Ucits Etf Usd Acc,Art. 8
NL0009272780,12.45,9.05,1.045,-6.49,,,5.5,,,Vaneck Multi-Asset Growth Allocation Ucits Etf,Art. 8
IE00BQZJBX31,33.07,29.02,1.036,-12.2,0.529,22.585,7.78,,,Wisdomtree Europe Eq Incom Ucits Etf Dis,Art. 8
IE0001J5A2T9,17.93,14.47,1.032,-10.49,0.682,7.597,4.56,,,Vaneck Circular Economy Ucits Etf,Art. 9
LU1291098314,22.13,18.63,1.027,-13.39,,,10.81,,,Bnp Paribas Easy Msci Emerging Sri Pab Ucits Etf,Art. 9
IE0007FM00T9,14.96,11.64,1.027,-6.73,,,6.65,7.34,,Ishares U.S. Equity High Income Ucits Etf Usd (Acc),Art. 8
IE0007FM00T9,14.96,11.64,1.027,-6.73,,,6.65,7.34,,Ishares Us Equity High Income Ucits Etf,Art. 8
LU2976314463,15.21,11.94,1.022,-6.17,,,4.01,,,Yis Msci Pacific Ex Japan Universal Ucits Etf Eur Acc,Art. 8
IE0001VXZTV7,22.21,18.87,1.018,-11.3,1.187,6.449,11.34,,,Vanguard Esg Emerg Mark Ucits Etf Usd D,Art. 8
IE0001VXZTV7,22.21,18.87,1.018,-11.3,1.187,6.449,11.34,,,Vanguard Esg Emerg Mark Ucits Etf Usd D,Art. 8
IE0001JABD69,16.49,13.26,1.017,-8.2,,,7.85,,,Jpm All Country Research Enhanced Index Equity Active Ucits Etf Eur H,Art. 8
IE000MVWFDH1,15.35,12.17,1.015,-6.03,,,6.22,,,Jpm Strategic Allocation Growth Active Ucits Etf - Eur (Acc),Art. 8
IE0002PGSLZ5,16.69,13.51,1.013,-8.33,0.95,2.058,8.49,,,Xtrackers Us Equity Enhanced Active Ucits Etf Usd Acc,Art. 8
IE00BF4G7183,17.38,14.35,1.002,-9.97,0.919,4.502,6.9,,,Jpm Europe Rei Ucits Etf Eur Acc,Art. 8
IE000KPJJWM6,21.74,18.87,0.993,-11.32,1.186,5.99,11.18,,,Vanguard Esg Emerg Mark Ucits Etf Usd D,Art. 8
IE000KPJJWM6,21.74,18.87,0.993,-11.32,1.186,5.99,11.18,,,Vanguard Esg Emerg Mark Ucits Etf Usd D,Art. 8
IE000TWAN2K7,12.84,9.94,0.99,-5.24,,,5.0,,,Jpm Strategic Allocation Moderate Active Ucits Etf - Eur (Acc),Art. 8
IE000P1IQS65,16.17,13.34,0.987,-7.49,,,7.54,,,Ishares World Equity Enhanced Active Ucits Etf Eur H,Art. 8
IE00BJ5JP659,25.95,23.24,0.987,-11.89,,,8.24,,,Ishares Msci World Industrials Sector Esg Ucits Etf Usd (Dist),Art. 8
NL0010731816,18.85,16.19,0.979,-10.3,,,8.8,,,Vaneck European Equal Weight Screened Ucits Etf,Art. 8
NL0010731816,18.85,16.19,0.979,-10.3,,,8.8,,,Vaneck European Equal Weight Screened Ucits Etf,Art. 8
IE0009VWHAE6,15.98,13.47,0.964,-8.13,,,8.7,7.77,,Ishares Us Eq Enhanced Active Ucits Etf,Art. 8
IE0009VWHAE6,15.98,13.47,0.964,-8.13,,,8.7,7.77,,Ishares Us Equity Enhanced Active Ucits Etf Usd (Acc),Art. 8
IE000F2IX674,22.49,20.26,0.962,-9.21,1.111,13.515,8.45,,,State Street World Small Cap Enhanced Active Equity Ucits Etf (Acc),Art. 8
LU2976312335,16.84,14.42,0.96,-9.63,,,7.0,,,Yis Msci Europe Selection Ucits Etf Eur Acc,Art. 8
IE00BF4G6Y48,16.13,13.74,0.956,-8.43,1.003,2.347,7.94,,,Jpm Global Rei Ucits Etf Usd Acc,Art. 8
IE0007ULOZS8,15.33,12.92,0.954,-8.97,0.897,1.356,8.33,,,Xtrackers S&P 500 Scored & Screened Ucits Etf,Art. 8
IE000R9FA4A0,15.34,13.01,0.948,-8.9,,,8.35,,,Ishares S&P 500 Esg Ucits Etf Usd (Acc),Art. 8
LU2976315866,16.78,14.57,0.946,-9.82,,,7.0,,,Yis Msci Europe Universal Ucits Etf Eur Acc,Art. 8
IE0005MWBFR7,14.17,11.89,0.94,-6.16,,,6.66,,,Jpm Global Rei Ucits Etf Eur Acc,Art. 8
IE000SNWS0L0,16.7,14.6,0.939,-9.35,,,8.95,8.07,,Ishares Msci Acwi Screened Ucits Etf Usd (Acc),Art. 8
IE00BHZPJ783,16.55,14.59,0.929,-10.01,,,6.76,,,Ishares Msci Europe Esg Enhanced Ctb Ucits Etf,Art. 8
LU3147499878,13.71,11.84,0.905,-6.49,,,7.15,,,Yis Msci World Universal Ucits Etf Usd,Art. 8
IE000CV0WWL4,23.99,23.24,0.903,-13.05,,,3.67,,,Janus Henderson Japan High Conviction Equity Ucits Etf Acc,Art. 8
IE00BGHQ0G80,14.71,13.03,0.899,-7.25,,,7.74,,,Xtrackers Msci Ac World Screened Ucits Etf,Art. 8
LU2976311444,15.77,14.22,0.898,-10.04,,,6.87,,,Yis Msci Europe Universal Ucits Etf Eur H Acc,Art. 8
IE00BF4G7076,14.69,13.15,0.889,-8.4,0.932,1.663,8.3,,,Jpm Us Rei Ucits Etf Usd Acc,Art. 8
IE00094KNQN4,6.28,3.7,0.887,-1.96,,,1.91,3.13,,Ishares Ibonds Dec 2029 Term $ High Yield Corp Ucits Etf Usd (Acc),Art. 8
IE00094KNQN4,6.28,3.7,0.887,-1.96,,,1.91,3.13,,Ishares Ibonds Dec 2029 Term $ High Yield Corp Ucits Etf Usd (Acc),Art. 8
IE00BYTH5T38,13.26,11.56,0.887,-7.54,,,7.11,,,State Street Spdr S&P Euro Dividend Aristocrats Screened Ucits Etf (Dist),Art. 8
IE00BP2NF958,23.74,23.52,0.882,-12.1,1.41,5.578,5.45,,,Jpm Japan Rei Ucits Etf Usd Acc,Art. 8
IE00002ZKAP0,15.57,14.26,0.881,-9.7,,,5.78,,,Xtrackers Europe Equity Enhanced Active Ucits Etf Eur Acc,Art. 8
IE00BLSN7P11,16.81,15.69,0.88,-10.28,,,8.83,,,Ubs S&P 500 Esg Elite Ucits Etf Usd Acc,Art. 8
IE00BDQZMX67,15.65,14.45,0.876,-7.66,,,8.13,,,Ubs Msci Acwi Universal Ucits Etf Usd Dis,Art. 8
IE00BYZNF849,14.38,13.01,0.875,-8.82,0.431,6.111,4.33,,,Xtrackers Global Infrastructure Esg Ucits Etf,Art. 8
IE00013A2XD6,15.89,14.78,0.872,-9.86,,,8.54,,,Ishares Msci Acwi Sri Ucits Etf Usd (Dist),Art. 8
IE00BH4GPZ28,13.72,12.31,0.871,-6.76,,,7.23,,,State Street Spdr S&P 500  Leaders Ucits Etf (Acc),Art. 8
IE00BH4GPZ28,13.72,12.31,0.871,-6.76,,,7.23,,,State Street Spdr S&P 500  Leaders Ucits Etf (Acc),Art. 8
LU0292109005,25.9,26.32,0.87,-16.55,1.488,4.692,11.31,,,Xtrackers Msci Em Emea Esg Sw Ucits Etf,Art. 8
IE00BKLF1R75,63.47,69.51,0.87,-29.68,1.271,42.491,17.2,,,Wisdomtree Battery Solutions Ucits Etf,Art. 8
IE00BKLF1R75,63.47,69.51,0.87,-29.68,1.271,42.491,17.2,,,Wisdomtree Battery Solutions Ucits Etf - Usd Acc,Art. 8
IE000XERHYF0,14.31,13.0,0.87,-7.3,,,7.5,,,Robeco 3d Us Equity Ucits Etf Usd Acc,Art. 8
IE00BNC0M913,15.68,14.61,0.868,-9.56,,,7.99,,,Ubs Msci Emu Universal Ucits Etf Eur Acc,Art. 8
IE00BDR55471,18.82,18.28,0.866,-9.73,,,10.04,,,Ubs Msci Acwi Socially Responsible Ucits Etf Usd Acc,Art. 8
IE00018LB0D8,16.14,15.24,0.862,-10.26,0.91,2.004,7.45,,,Ivz S&P World Financials Esg Ucits Etf,Art. 8
LU2976313812,21.08,20.97,0.862,-10.4,,,3.57,,,Yis Msci Japan Universal Ucits Etf Eur Acc,Art. 8
IE000PSF3A70,15.45,14.48,0.86,-7.18,0.894,1.516,8.97,,,Xtrackers Msci Global Sdgs Ucits Etf,Art. 8
LU3053349448,13.05,11.73,0.857,-7.12,,,7.62,,,Yis Msci North America Universal Ucits Etf Usd Acc,Art. 8
IE00BZ0XVF52,9.37,7.43,0.856,-4.82,0.393,1.559,2.71,,,Wisdomtree At1 Coco Bond Ucits Etf - Usd,Art. 8
IE000LZI2UH4,6.17,3.71,0.853,-2.0,0.206,0.951,2.18,,,Jpm Usd High Yield Bond Active Ucits Etf A,Art. 8
IE00BNG8L278,16.11,15.39,0.852,-9.84,1.111,1.166,9.63,,,Vanguard Esg Global All Cap Ucits Etf (Usd) Accumulating,Art. 8
IE00BNG8L278,16.11,15.39,0.852,-9.84,1.111,1.166,9.63,,,Vanguard Esg Global All Cap Ucits Etf Ac,Art. 8
LU0599612842,12.91,11.63,0.851,-7.71,,,8.02,,,Ossiam Europe Esg Machine Lear Ucits Etf,Art. 8
IE00BNG8L385,16.33,15.67,0.85,-10.01,1.132,1.152,10.04,,,Vanguard Esg Global All Cap Ucits Etf (Usd) Distributing,Art. 8
IE00BNG8L385,16.33,15.67,0.85,-10.01,1.132,1.152,10.04,,,Vanguard Esg Global All Cap Ucits Etf D,Art. 8
IE000O8KMPM1,24.09,25.22,0.836,-11.39,1.101,7.61,8.06,,,Wisdomtree Biorevolution Ucits Etf Usd A,Art. 8
LU1659681230,18.13,18.13,0.834,-10.95,,,8.41,,,Bnp Paribas Easy Msci Emerging Sri Pab Ucits Etf,Art. 9
IE000W95TAE6,13.71,12.87,0.832,-9.69,,,7.7,,,Jpm Carbon Transit Glb Eq Ctb Ucits Etf,Art. 9
IE000BNLRWE6,17.02,17.0,0.825,-10.96,1.052,2.705,8.38,,,Schroder Global Equity Active Ucits Etf Acc Usd,Art. 8
IE00BJ5JP097,16.11,15.92,0.824,-10.54,,,8.11,,,Ishares Msci World Financials Sector Ucits Etf Usd (Dist),Art. 8
IE0003UN5CT1,15.45,15.14,0.823,-10.93,0.967,2.052,7.66,,,Jpm Europe Research Enhanced Index Equity Sri Paris Aligned Active Ucits Etf,Art. 9
IE000D1017N2,13.02,12.24,0.819,-6.35,0.701,1.01,6.91,,,Wisdomtree Global Value Ucits Etf - Usd Acc,Art. 8
IE00004PGEY9,16.63,16.72,0.815,-11.09,1.046,0.381,7.47,,,Jpm Eurozone Rei Ucits Etf Eur Acc,Art. 8
IE000N4E8XZ6,6.14,3.87,0.813,-2.16,,,1.87,3.06,,Ishares Ibonds Dec 2029 Term $ High Yield Corp Ucits Etf Usd (Dist),Art. 8
IE000ST40PX8,24.4,26.37,0.812,-15.93,1.073,7.813,14.54,,,L&G Cyber Security Innovation Ucits Etf,Art. 8
LU1437025296,15.45,15.42,0.807,-11.73,,,10.68,,,Amundi Msci Uk Imi Sri Climate Paris Aligned - Ucits Etf Dr - Gbp (C),Art. 9
IE000VXC51U5,14.29,14.3,0.79,-8.63,,,8.28,,,Xtrackers Msci Ac World Screened Ucits Etf,Art. 8
IE00BKSCBX74,15.47,15.84,0.787,-10.63,,,6.74,,,Ubs Msci World Small Cap Socially Responsible Ucits Etf Usd Acc,Art. 8
IE000BXC49I6,14.24,14.32,0.785,-9.61,1.016,0.309,9.01,,,Jpm Global Rei Sri Pa Ucits Etf Usd Acc,Art. 9
IE000C5YJ791,13.48,13.37,0.784,-10.14,,,8.41,6.45,,Ishares Msci Us Leaders Ucits Etf Us Acc,Art. 8
IE00BFNM3J75,14.42,14.62,0.781,-9.11,1.072,-1.702,8.77,,,Ishares Msci World Screened Ucits Etf,Art. 8
IE000MW6GT38,21.73,24.1,0.777,-14.63,,,5.54,9.8,,Ishares Msci Japan Climate Transition Aware Ucits Etf Usd (Acc),Art. 8
IE000GTJ2I49,21.73,24.09,0.777,-14.54,,,5.52,9.8,,Ishares Msci Japan Climate Transition Aware Ucits Etf Usd (Dist),Art. 8
IE000R7HJVO6,13.65,13.81,0.771,-8.61,,,8.31,,,Ishares Us Equity Enhanced Active Ucits Etf Eur H,Art. 8
IE000X7DRW38,14.68,15.29,0.764,-9.61,,,6.16,,,Wisdomtree Global Ex-Usa Quality Dividend Growth Ucits Etf - Eur Acc,Art. 8
IE00BYVJRR92,13.57,14.07,0.752,-8.69,0.954,-1.097,7.67,,,Ishares Msci Usa Sri Ucits Etf Usd (Acc),Art. 8
IE00BYVJRR92,13.57,14.07,0.752,-8.69,0.954,-1.097,7.67,,,Ishares Msci Usa Sri Ucits Etf Usd Acc,Art. 8
LU2976315601,15.19,16.26,0.75,-10.29,,,7.54,,,Yis Msci Emu Universal Ucits Etf Eur Acc,Art. 8
IE00BHXMHQ65,13.03,13.42,0.748,-9.3,,,7.71,,,Ubs S&P 500 Scored & Screened Ucits Etf Heur Acc,Art. 8
IE00BKLTRN76,13.12,13.76,0.735,-10.19,0.858,-0.387,6.58,,,L&G Msci Europe Climate Pathway Ucits Etf,Art. 8
IE00BHZPJ569,11.97,12.39,0.724,-7.18,,,6.76,,,Ishares Msci World Esg Enhanced Ctb Ucits Etf,Art. 8
IE00BN2BCY94,11.96,12.42,0.721,-9.1,0.574,1.932,6.6,,,Xtrackers Developed Green Real Estate Esg Ucits Etf,Art. 8
NL0009272772,9.64,9.28,0.715,-5.48,,,4.55,,,Vaneck Multi-Asset Balanced Allocation Ucits Etf,Art. 8
LU3174346182,11.19,11.49,0.713,-7.35,,,7.09,,,Ofi Invest Us Equity Active Ucits Etf,Art. 8
IE00BJLKK341,16.8,19.5,0.708,-10.26,,,8.34,,,Ishares Msci Emu Sri Ucits Etf Eur (Acc),Art. 8
LU3147499951,12.04,12.81,0.706,-8.29,,,7.28,,,Yis Msci World Selection Ucits Etf Usd,Art. 8
LU2976313655,12.1,12.9,0.705,-8.77,,,8.46,,,Yis Msci North America Universal Ucits Etf Eur H Acc,Art. 8
IE00BG370F43,17.7,21.23,0.692,-12.69,1.306,-1.283,9.07,,,Xtrackers Msci Emerging Esg Ucits Etf,Art. 8
LU0908501058,14.35,16.44,0.69,-10.67,,,7.47,,,Amundi Msci Emu Esg Broad Transition Ucits Etf Acc,Art. 9
IE00BG36TC12,20.19,24.94,0.689,-14.64,1.53,-1.526,8.54,,,Xtrackers Msci Japan Esg Ucits Etf,Art. 8
IE00BJZ2DC62,12.77,14.25,0.686,-9.64,1.005,-2.524,9.39,,,Xtrackers Msci Usa Screened Ucits Etf,Art. 8
LU1655103486,12.49,14.0,0.678,-10.94,,,6.42,,,Ossiam Bloomberg Europe Ex Eurozone Pab Nr - Ucits Etf 1c (Eur),Art. 9
LU0322252338,13.62,15.68,0.677,-10.65,0.933,-0.795,5.17,,,Xtrackers Msci Pacific Ex Japan Screened Ucits Etf,Art. 8
IE000CN8T855,11.99,13.34,0.674,-8.56,,,7.76,,,Jpm Us Rei Ucits Etf Eurh Acc,Art. 8
IE000YNE6S57,12.37,13.92,0.673,-9.3,,,8.19,5.82,,Ishares Msci World Climate Transition Aware Ucits Etf Usd (Dist),Art. 8
IE000X9TLGN8,16.63,20.28,0.672,-13.99,1.097,0.202,13.3,,,Wisdomtree New Econ Real Est Ucits Etf D,Art. 8
IE0001YGXFO5,12.28,13.9,0.668,-9.3,,,8.14,5.78,,Ishares Msci World Climate Transition Aware Ucits Etf Usd (Acc),Art. 8
IE00BHZPJ452,27.4,36.72,0.664,-15.27,,,4.75,,,Ishares Msci Japan Esg Enhanced Ctb Ucits Etf,Art. 8
IE000MO2MB07,16.27,20.03,0.663,-14.12,1.074,0.135,13.13,,,Wisdomtree New Econ Real Est Ucits Etf A,Art. 8
IE000PY7F8J9,17.46,21.85,0.662,-12.69,1.18,0.022,9.22,,,Rize Usa Environmental Impact Ucits Etf,Art. 9
IE00BDGN9Z19,13.77,16.3,0.661,-10.11,,,7.01,,,Xtrackers Msci Emu Screened Ucits Etf,Art. 8
IE00BDFC6Q91,3.62,0.94,0.657,-0.34,0.013,0.476,0.33,,,Jpm Usd Ult Short Inc Ucits Etf Usd Dis,Art. 8
IE000HH3SU50,12.69,14.99,0.646,-10.77,,,8.33,,,Ishares Msci Europe Paris-Aligned Climate Ucits Etf Eur (Dist),Art. 9
IE000TG1LGI4,14.36,17.59,0.646,-9.79,,,8.18,,,Ubs Msci World Selection Ucits Etf Usd Acc,Art. 8
IE000MYCJA42,11.02,12.55,0.639,-8.1,,,7.96,,,Amundi Msci North America Esg Broad Transition Ucits Etf Acc,Art. 8
IE000MYCJA42,11.02,12.55,0.639,-8.1,,,7.96,,,Amundi Msci North America Esg Broad Transition Ucits Etf Acc,Art. 8
IE000MYCJA42,11.02,12.55,0.639,-8.1,,,7.96,,,Amundi Msci North America Esg Broad Transition Ucits Etf Acc,Art. 8
IE00063GNWK1,12.6,15.29,0.628,-10.54,,,8.41,,,Ubs Msci Usa Selection Ucits Etf Usd Acc,Art. 8
IE000JQ2IJD3,10.62,12.16,0.626,-10.27,,,3.72,,,Ubs S&P Usa Dividend Aristocrats Esg Elite Ucits Etf Usd Dis,Art. 8
IE00BHZPJ015,13.24,16.46,0.622,-10.78,,,7.55,,,Ishares Msci Emu Esg Enhanced Ctb Ucits Etf,Art. 8
LU1291108642,11.65,13.94,0.62,-9.18,,,8.5,,,Bnp Paribas Easy Msci World Sri Pab Ucits Etf,Art. 9
IE00BYQCZN58,41.73,62.87,0.616,-24.97,1.028,24.198,2.24,,,Wisdomtree Japan Equity Ucits Etf - Usd Acc,Art. 8
IE00BMDWYZ92,12.2,14.99,0.614,-10.24,1.08,-2.419,8.28,,,Jpm Carbon Tran Glb Equity Usd Ucits Etf,Art. 9
IE000L2ZNB07,12.1,14.82,0.614,-10.83,1.045,-3.687,10.26,,,Vanguard Esg North Am Allcap Ucits Etf D,Art. 8
IE000L2ZNB07,12.1,14.82,0.614,-10.83,1.045,-3.687,10.26,,,Vanguard Esg North America All Cap Ucits Etf (Usd) Distributing,Art. 8
IE000O58J820,12.22,15.15,0.609,-10.81,1.061,-2.196,10.34,,,Vanguard Esg North Am Allcap Ucits Etf A,Art. 8
IE000O58J820,12.22,15.15,0.609,-10.81,1.061,-2.196,10.34,,,Vanguard Esg North America All Cap Ucits Etf (Usd) Accumulating,Art. 8
IE000AYEFBK6,4.82,3.03,0.602,-1.32,,,1.46,2.4,,Ishares Ibonds Dec 2028 Term $ High Yield Corp Ucits Etf Usd (Dist),Art. 8
LU3053350610,11.07,13.46,0.6,-9.23,,,7.69,,,Yis Msci Usa Selection Ucits Etf Usd Acc,Art. 8
IE0001O9L5K4,11.41,14.19,0.593,-7.93,,,7.69,,,Oddo Bhf Global Equity Active Ucits Etf,Art. 8
NL0009690239,10.43,12.54,0.593,-8.09,,,4.28,,,Vaneck Global Real Estate  Ucits Etf,Art. 8
NL0009690239,10.43,12.54,0.593,-8.09,,,4.28,,,Vaneck Global Real Estate Ucits Etf,Art. 8
IE000YR7N5U8,11.52,14.72,0.579,-6.25,,,8.16,,,Oddo Bhf Us Equity Active Ucits Etf,Art. 8
IE00BQZJBM26,38.07,60.56,0.579,-26.42,0.672,25.563,6.52,,,Wisdomtree Emerg Smallcap Div Ucits Etf,Art. 8
LU2491210618,9.81,11.77,0.579,-5.97,,,2.55,,,Ossiam Bloomberg Asia Pacific Ex Japan Pab Nr - Ucits Etf 1c (Eur),Art. 9
IE00BK5H8015,11.64,14.98,0.577,-10.66,,,6.35,,,State Street Spdr Stoxx Europe 600 Sri Ucits Etf (Acc),Art. 8
IE00BK5H8015,11.64,14.98,0.577,-10.66,,,6.35,,,State Street Spdr Stoxx Europe 600 Sri Ucits Etf (Acc),Art. 8
IE000XNILW20,12.7,16.88,0.575,-9.51,0.953,-1.967,8.01,,,Wisdomtree Global Sust Equity Ucits Etf,Art. 9
IE00BF92LV92,8.79,10.09,0.574,-6.95,,,3.26,,,Ossiam Esg Low Carb Sh Cape Us Ucits Etf,Art. 8
IE00BYX2JD69,10.56,13.19,0.574,-7.8,0.859,-2.952,6.48,,,Ishares Msci World Sri Ucits Etf Eur (Acc),Art. 8
IE00BYX2JD69,10.56,13.19,0.574,-7.8,0.859,-2.952,6.48,,,Ishares Msci World Sri Ucits Etf Eur A,Art. 8
LU3174346000,12.26,16.2,0.572,-10.47,,,7.05,,,Ofi Invest Emu Equity Active Ucits Etf,Art. 8
IE00BLLZQS08,7.61,8.13,0.567,-5.29,,,4.54,,,Ishares Moderate Portfolio Ucits Etf,Art. 8
IE00BJ5CNR11,11.66,15.33,0.565,-10.07,1.066,-2.81,9.28,,,Goldman Sachs Ac B Paal St Us Cap Eq Ucits Etf,Art. 9
IE000UZCJS58,10.26,12.93,0.562,-8.19,,,7.56,,,Xtrackers World Net Zero Paris Ucits Etf,Art. 8
IE00BNC1F287,13.32,18.52,0.557,-11.24,,,8.1,,,Guinness Sustainable Energy Ucits Etf,Art. 9
IE00BNC1F287,13.32,18.52,0.557,-11.24,,,8.1,,,Guinness Sustainable Energy Ucits Etf,Art. 9
IE000V0GDVU7,13.12,18.16,0.557,-13.52,1.089,-4.949,8.99,,,Xtrackers Msci Sdg11 Sust Cit Ucits Etf,Art. 8
IE00BVXBH163,11.87,16.28,0.545,-10.81,0.979,-3.115,6.9,,,Wisdomtree Eur Equity Ucits Etf Usd Hedg,Art. 8
LU1377382368,10.63,14.02,0.544,-10.47,,,6.73,,,Bnp Paribas Easy Low Carbon 100 Europe Pab,Art. 9
LU1377382368,10.63,14.02,0.544,-10.47,,,6.73,,,Bnpp Easy Low Carb Europe Pab Ucits Etf,Art. 9
IE0008YWAFL1,4.68,3.11,0.539,-1.33,,,1.47,2.32,,Ishares Ibonds Dec 2028 Term $ High Yield Corp Ucits Etf Usd (Acc),Art. 8
IE0008YWAFL1,4.68,3.11,0.539,-1.33,,,1.47,2.32,,Ishares Ibonds Dec 2028 Term $ High Yield Corp Ucits Etf Usd (Acc),Art. 8
IE00BKLWY790,11.05,15.18,0.53,-10.65,1.074,-5.095,9.54,,,L&G Us Esg Paris Aligned Ucits Etf,Art. 9
IE00BF553838,6.06,5.88,0.521,-4.29,0.311,-0.747,3.16,,,Ishares Jp Morgan Advanced $ Em Bond Ucits Etf,Art. 8
IE00BF553838,6.06,5.88,0.521,-4.29,0.311,-0.747,3.16,,,Ishares Jp Morgan Advanced $ Em Bond Ucits Etf,Art. 8
IE00BZ56RN96,10.13,13.72,0.52,-10.33,0.945,-4.427,7.25,,,Wisdomtree Glb Qual Div Growth Ucits Etf,Art. 8
LU1753045332,10.88,15.18,0.519,-11.3,,,8.03,,,Bnp Paribas Easy Msci Europe Sri Pab Ucits Etf,Art. 9
LU1615092217,9.69,12.89,0.519,-8.26,,,7.07,,,Bnp Paribas Easy Msci World Sri Pab Ucits Etf,Art. 9
LU1615092217,9.69,12.89,0.519,-8.26,,,7.07,,,Bnp Paribas Easy Msci World Sri Pab Ucits Etf,Art. 9
IE000KF370H3,10.25,14.02,0.517,-8.44,0.905,-3.82,8.05,,,Wisdomtree Us Efficient Core Ucits Etf,Art. 8
IE00BZ56SW52,10.2,13.98,0.515,-10.14,0.948,-4.397,7.13,,,Wisdomtree Glob Qual Div Grow Ucits Etf,Art. 8
IE00BZ56SW52,10.2,13.98,0.515,-10.14,0.948,-4.397,7.13,,,Wisdomtree Global Quality Dividend Growth Ucits Etf - Usd Acc,Art. 8
LU0322253732,20.49,34.33,0.51,-16.43,,,7.06,,,Xtrackers Msci Europe Screened Ucits Etf,Art. 8
IE00BDF16114,18.95,31.35,0.509,-16.55,0.778,4.948,8.84,,,Wisdomtree Eu Smallcap Div Ucits Etf Acc,Art. 8
IE00BFMNPS42,10.4,14.66,0.505,-11.83,1.007,-4.928,8.73,,,Xtrackers Msci Usa Esg Ucits Etf,Art. 8
IE0006QX3Y11,11.23,16.32,0.504,-9.45,,,7.31,,,Ossiam Bloomberg Canada Pab Nr Ucits Etf - 1a (Eur),Art. 9
IE000TSML5I8,10.17,14.23,0.504,-10.05,,,8.71,,,Xtrackers Msci Usa Screened Ucits Etf,Art. 8
LU2233156749,12.89,19.7,0.502,-9.66,,,2.71,5.59,,Amundi Msci Japan Sri Climate Paris Aligned - Ucits Etf Dr (C),Art. 9
LU2233156749,12.89,19.7,0.502,-9.66,,,2.71,5.59,,Amundi Msci Japan Sri Climate Paris Aligned - Ucits Etf Dr (C),Art. 9
IE00077IIPQ8,9.72,13.54,0.496,-8.77,0.863,-3.841,7.39,,,Wisdomtree Global Efficient Core Ucits Etf A,Art. 8
LU1437025023,11.8,17.88,0.492,-11.07,,,9.55,,,Amundi Msci Uk Imi Sri Climate Paris Aligned - Ucits Etf Dr - Eur (C),Art. 9
IE00BJ5JP436,11.79,18.02,0.488,-12.87,,,8.14,,,Ishares Msci World Communication Services Sector Esg Ucits Etf Usd (Dist),Art. 8
LU1753045415,10.31,14.97,0.488,-11.46,,,7.74,,,Bnp Paribas Easy Msci Europe Sri Pab Ucits Etf,Art. 9
LU1753045415,10.31,14.97,0.488,-11.46,,,7.74,,,Bnp Paribas Easy Msci Europe Sri Pab Ucits Etf,Art. 9
LU1602145036,10.43,15.27,0.487,-8.58,0.931,-4.353,7.02,,,Amundi Msci Pacific Ex Japan Sri Climate Paris Aligned - Ucits Etf Dr - Usd (C),Art. 9
IE00BQZJBQ63,33.2,61.95,0.487,-25.81,0.176,27.713,2.9,,,Wisdomtree Us Equity Incom Ucits Etf Dis,Art. 8
IE0006YM7D84,4.94,4.01,0.482,-2.59,0.238,-0.982,2.27,,,Xtrackers Usd High Yield Corporate Bond Screened Ucits Etf,Art. 8
IE000G2LIHG9,9.94,14.48,0.48,-10.07,,,8.67,,,Ishares Msci Usa Screened Ucits Etf,Art. 8
IE00BJ5JNY98,13.49,22.09,0.475,-16.07,,,13.88,,,Ishares Msci World Information Technology Sector Advanced Ucits Etf,Art. 8
IE00BJ5JNY98,13.49,22.09,0.475,-16.07,,,13.88,,,Ishares Msci World Information Technology Sector Advanced Ucits Etf,Art. 8
IE00030Y2P41,8.33,11.45,0.466,-7.57,,,6.12,3.89,,Wisdomtree Global Quality Dividend Growth Ucits Etf - Usd (Inst),Art. 8
IE00069JGT58,9.4,13.95,0.459,-10.76,0.944,-3.754,9.06,,,Jpm Us Rei Sri Pa Ucits Etf Usd Acc,Art. 9
IE00BZ02LR44,9.81,15.09,0.451,-11.57,1.075,-6.342,9.34,,,Xtrackers Msci World Esg Ucits Etf,Art. 8
IE000YG82CF0,9.06,13.51,0.449,-9.62,,,8.44,4.13,,Ishares Msci Usa Climate Transition Aware Ucits Etf Usd (Dist),Art. 8
IE000MGAVJV3,9.04,13.51,0.447,-9.65,,,8.42,4.12,,Ishares Msci Usa Climate Transition Aware Ucits Etf Usd (Acc),Art. 8
IE00BZ56TQ67,11.11,18.14,0.447,-11.04,,,6.51,,,Wisdomtree Euro Qual Div Grow Ucits Etf,Art. 8
IE00BZ56TQ67,11.11,18.14,0.447,-11.04,,,6.51,,,Wisdomtree Eurozone Quality Dividend Growth Ucits Etf - Eur Acc,Art. 8
IE00BN92ZL31,9.46,14.44,0.447,-9.95,,,9.81,,,Ishares Msci World Paris-Aligned Climate Ucits Etf Usd (Dist),Art. 9
IE00BFNNN236,7.07,9.24,0.44,-5.11,,,1.98,,,Wisdomtree At1 Coco Bond Ucits Etf Eur-H,Art. 8
IE00BQZJC527,16.38,30.42,0.44,-16.41,0.76,2.624,7.39,,,Wisdomtree Eu Smallcap Div Ucits Etf Dis,Art. 8
LU0629460089,9.74,15.52,0.434,-10.5,,,9.22,,,Ubs Msci Usa Socially Responsible Ucits Etf Usd Dis,Art. 8
LU0629460089,9.74,15.52,0.434,-10.5,,,9.22,,,Ubs Msci Usa Socially Responsible Ucits Etf Usd Dis,Art. 8
IE000CXVOXQ1,8.32,12.34,0.432,-8.79,,,5.79,,,Wisdomtree Us Qual Div Ucits Etf Eurh A,Art. 8
LU1953137681,9.41,15.17,0.423,-10.94,,,7.37,,,Bnp Paribas Easy Msci Emu Sri Pab Ucits Etf,Art. 9
LU1953137681,9.41,15.17,0.423,-10.94,,,7.37,,,Bnp Paribas Easy Msci Emu Sri Pab Ucits Etf,Art. 9
IE00BMXC7W70,8.67,13.88,0.409,-10.1,,,9.74,,,Ishares Msci World Paris-Aligned Climate Ucits Etf Usd (Acc),Art. 9
LU1953136527,8.17,12.68,0.408,-7.95,,,5.67,,,Bnp Paribas Easy Ecpi Circular Economy Leaders,Art. 9
LU1953136527,8.17,12.68,0.408,-7.95,,,5.67,,,Bnpp Ecpi Circular Econ Lead Ucits Etf,Art. 9
IE000RSCXLM4,8.22,12.89,0.405,-9.64,0.895,-4.406,8.8,,,Jpm Us Eq Active Ucits Etf,Art. 8
IE000OHXGWO8,9.96,17.29,0.402,-6.9,,,6.5,,,Robeco Nextgen Global Small-Cap Equity Ucits Etf Usd Acc,Art. 8
IE0007M3MLF3,8.07,12.67,0.4,-9.29,,,6.5,,,Wisdomtree Glb Qual Div Grow Ucits Etf H,Art. 8
LU3053350024,9.81,17.44,0.39,-11.93,,,12.1,,,Yis Msci Usa Growth Universal Ucits Etf Usd,Art. 8
IE0001JH5CB4,8.65,14.82,0.381,-11.09,,,7.49,,,Xtrackers Europe Netzero Paris Ucits Etf,Art. 8
IE000YGEAK03,10.74,20.44,0.379,-15.36,1.287,-8.014,10.99,,,Wisdomtree Us Quality Growth Ucits Etf A,Art. 8
IE000QUOSE01,14.84,31.52,0.376,-15.55,0.899,-0.87,8.08,,,Vanguard Esg Dev Eu Allcap Ucits Etf Acc,Art. 8
IE000QUOSE01,14.84,31.52,0.376,-15.55,0.899,-0.87,8.08,,,Vanguard Esg Developed Europe All Cap Ucits Etf (Eur) Accumulating,Art. 8
IE00BYQCZX56,9.07,16.16,0.376,-11.12,0.994,-6.093,6.68,,,Wisdomtree Europe Eq Ucits Etf Eur Acc,Art. 8
IE00BZ56RG20,24.78,60.72,0.359,-27.35,0.484,14.94,6.0,,,Wisdomtree Us Qual Div Grow Ucits Etf,Art. 8
IE00BZ56RG20,24.78,60.72,0.359,-27.35,0.484,14.94,6.0,,,Wisdomtree Us Quality Dividend Growth Ucits Etf - Usd Acc,Art. 8
IE000VCBWFL8,7.66,13.1,0.356,-9.35,,,6.43,,,Xtrackers Msci Emu Highdiv Esg Ucits Etf,Art. 8
IE0002A3VE77,9.35,18.23,0.348,-12.42,,,9.39,,,Janus Henderson Pan European High Conviction Equity Ucits Etf Eur Acc,Art. 8
IE0000MMQ5M5,7.65,14.58,0.319,-12.32,,,8.27,,,Xtrackers Msci Usa Esg Ucits Etf Eur Hdg,Art. 8
IE000OV4XWA3,7.33,13.74,0.315,-10.41,0.873,-6.352,6.43,,,Wisdomtree Eurozone Efficient Core Ucits Etf - Eur Acc,Art. 8
NL0009272764,5.56,8.28,0.309,-5.17,,,3.06,,,Vaneck Multi-Asset Conservative Allocation Ucits Etf,Art. 8
IE000E4BATC9,7.05,13.49,0.301,-10.26,,,8.26,,,Xtrackers Msci World Esg Ucits Etf D,Art. 8
IE00BMDBMG37,8.89,19.69,0.299,-12.36,,,10.07,,,Ishares Msci Europe Sri Ucits Etf Usd (Acc),Art. 8
IE00BMY76136,7.31,14.69,0.293,-11.37,,,8.52,,,Xtrackers Msci World Esg Ucits Etf Eur H,Art. 8
LU1753045928,8.14,17.97,0.286,-10.3,,,3.53,,,Bnp Paribas Easy Msci Japan Sri Pab Ucits Etfbnp Paribas Easy Msci Japan Sri Pab Ucits Etf,Art. 9
LU1753045928,8.14,17.97,0.286,-10.3,,,3.53,,,Bnp Paribas Easy Msci Japan Sri Pab Ucits Etfbnp Paribas Easy Msci Japan Sri Pab Ucits Etf,Art. 9
IE00BZ173T46,7.33,16.09,0.269,-8.49,,,7.84,,,Ishares Msci Usa Sri Ucits Etf Usd (Dist),Art. 8
IE00BGDPWW94,6.8,15.26,0.249,-10.1,,,9.28,,,Ishares Msci Europe Sri Ucits Etf Usd (Dist),Art. 8
IE000FOSCLU1,6.98,16.29,0.245,-10.7,,,7.67,,,Ishares Msci Emu Paris-Aligned Climate Ucits Etf Eur (Dist),Art. 9
LU1291103338,6.16,12.87,0.245,-9.33,,,7.83,,,Bnp Paribas Easy Msci Usa Sri Pab Ucits Etf,Art. 9
IE00BJXT3G33,6.49,15.07,0.232,-10.38,,,8.23,,,Ubs Msci Usa Socially Responsible Ucits Etf Heur Acc,Art. 8
IE000Q0IU5T1,7.9,21.9,0.224,-17.07,1.347,-11.574,12.58,,,Ivz S&P World Info Tech Esg Ucits Etf,Art. 8
IE00BL6K8D99,6.61,16.1,0.224,-10.91,,,7.11,,,Ishares Msci Emu Paris-Aligned Climate Ucits Etf Eur (Acc),Art. 9
IE00BFNNN343,3.9,4.17,0.217,-2.83,,,2.26,,,Wisdomtree At1 Coco Bond Ucits Etf Eur H Acc,Art. 8
IE00B52VJ196,6.09,14.76,0.21,-10.05,,,8.84,,,Ishares Msci Europe Sri Ucits Etf Eur (Acc),Art. 8
IE00B52VJ196,6.09,14.76,0.21,-10.05,,,8.84,,,Ishares Msci Europe Sri Ucits Etf Eur A,Art. 8
IE00BK72HM96,5.99,14.79,0.202,-10.61,,,7.61,,,Ubs Msci World Socially Responsible Ucits Etf Heur Acc,Art. 8
IE00BMXC7V63,5.7,13.45,0.2,-10.76,,,7.88,,,Ishares S&P 500 Paris-Aligned Climate Ucits Etf Usd (Acc),Art. 9
IE00BMFNW783,8.15,26.5,0.194,-16.16,1.425,-12.287,3.57,,,Us Global Investors Travel Ucits Etf,Art. 8
IE00BMFNW783,8.15,26.5,0.194,-16.16,1.425,-12.287,3.57,,,Us Global Investors Travel Ucits Etf,Art. 8
LU2182388582,6.12,16.56,0.188,-11.05,,,7.88,,,Amundi Msci Emu Climate Paris Aligned Ucits Etf Acc,Art. 9
LU1753045845,6.12,17.11,0.182,-10.22,,,2.84,,,Bnp Paribas Easy Msci Japan Sri Pab Ucits Etf,Art. 9
IE00BLRPQP15,8.8,32.23,0.18,-15.64,,,0.42,,,L&G Emerging Markets Government Bond (Usd) 0-5 Year Screened Ucits Etf,Art. 8
IE000F9AQNW6,5.38,13.46,0.177,-7.16,0.593,-5.238,7.24,,,Wisdomtree Us Value Ucits Etf - Usd Acc,Art. 8
IE000Y6L6LE6,5.49,16.86,0.147,-11.49,,,8.18,,,Xtrackers Emu Net Zero Paris A Ucits Etf,Art. 8
IE000Q9IHH10,3.1,0.73,0.138,-0.3,,,0.39,,,Ishares € Aaa Clo Active Ucits Etf Eur Acc,Art. 8
LU2206597804,4.95,14.71,0.133,-10.46,,,7.74,,,Ubs Msci Europe Socially Responsible Ucits Etf Eur Acc,Art. 8
IE00BGDQ0V72,5.64,20.2,0.131,-12.27,,,5.52,,,Ishares Msci Japan Sri Ucits Etf Usd (Dist),Art. 8
LU3142893745,7.17,33.09,0.126,-20.33,,,16.81,,,Tobam Global Blockchain Equity Ucits Etf,Art. 8
IE000IIED424,4.54,12.49,0.123,-8.94,,,7.17,,,Ossiam Bloomberg Usa Pab Nr Ucits Etf - 1a (Eur),Art. 9
LU1659681586,4.48,12.49,0.119,-8.64,,,6.83,,,Bnp Paribas Easy Msci Usa Sri Pab Ucits Etf,Art. 9
IE000L0X6L81,3.39,3.28,0.118,-1.18,,,,,,Goldman Gbl Green Bond Ucits Etf H D,Art. 9
LU3053349364,6.93,34.34,0.115,-17.75,,,0.28,,,Yis Msci Usa Universal Ucits Etf Usd Acc,Art. 8
IE000KD0BZ68,5.03,18.99,0.107,-14.98,0.895,-8.93,5.54,,,Xtrackers Msci Geno Health Inn Ucits Etf,Art. 8
LU1215461168,7.99,48.25,0.103,-23.41,,,0.51,,,Ubs Bbg Msci Us Liquid Corp Sustainable Ucits Etf Usd Acc,Art. 8
IE00BYX8XC17,5.32,23.03,0.101,-12.8,1.254,-13.023,4.44,,,Ishares Msci Japan Sri Ucits Etf Acc,Art. 8
IE00BYX8XC17,5.32,23.03,0.101,-12.8,1.254,-13.023,4.44,,,Ishares Msci Japan Sri Ucits Etf Usd (Acc),Art. 8
IE00BFMNHK08,4.42,15.34,0.093,-10.33,,,8.84,,,Xtrackers Esg Msci Europe Ucits Etf,Art. 8
IE000VG2WCW5,4.32,15.13,0.088,-11.61,1.018,-9.622,9.22,,,Robeco Dynamic Theme Machine Ucits Etf Usd Acc,Art. 8
IE00BLRPQH31,4.47,16.85,0.087,-13.73,0.724,-7.394,4.8,,,Rize Sustainable Food Ucits Etf,Art. 9
IE00BLRPQH31,4.47,16.85,0.087,-13.73,0.724,-7.394,4.8,,,Rize Sustainable Future Of Food Ucits Etf,Art. 9
IE0006OIQXE9,3.3,6.62,0.045,-5.15,0.253,-2.43,2.53,,,Fidelity Global Hy Corp Bond Research Enhanced Pab Ucits Etf,Art. 9
LU2446381555,3.77,17.71,0.044,-12.82,,,3.01,,,Bnp Paribas Easy Esg Eurozone Biodiversity Leaders Pab Ucits Etf Cap,Art. 9
LU2446381555,3.77,17.71,0.044,-12.82,,,3.01,,,Bnpp Esg Eurozone Biodiver Pab Ucits Etf,Art. 9
IE000CWS09Q9,3.1,2.24,0.043,-1.38,0.092,-1.033,0.84,,,L&G Corporate Bond Ex-Banks Higher Ratings 0-2y Ucits Etf,Art. 8
LU2880762781,3.76,31.32,0.024,-16.61,,,-0.11,,,Ubs Sustainable Development Bank Bonds 5-10 Ucits Etf Usd Acc,Art. 9
LU2976314620,3.09,10.72,0.009,-6.8,,,3.29,,,Yis Msci Pacific Ex Japan Universal Ucits Etf Eur H Acc,Art. 8
IE00BMP3HN93,2.91,14.78,-0.006,-12.32,0.799,-9.868,7.75,,,Ubs (Irl) Etf Plc - Msci United Kingdom Imi Socially Responsible Ucits Etf (Gbp) A-Dis,Art. 8
LU1659681669,2.93,11.82,-0.006,-8.13,,,6.66,,,Bnp Paribas Easy Msci Usa Sri Pab Ucits Etf,Art. 9
LU1659681669,2.93,11.82,-0.006,-8.13,,,6.66,,,Bnp Paribas Easy Msci Usa Sri Pab Ucits Etf,Art. 9
IE00BK5BC891,2.86,16.87,-0.008,-12.66,0.976,-12.089,4.31,,,L&G Clean Water Ucits Etf,Art. 9
IE00B99FL386,2.92,4.7,-0.017,-2.61,0.217,-2.415,1.59,,,State Street  Spdr Bloomberg U.S. High Yield  Corporate Scored Ucits Etf (Dist),Art. 8
IE00BM9GRM34,2.9,6.09,-0.017,-3.53,0.233,-2.603,2.14,,,Fidelity Global Corp Bond Research Enhanced Pab Ucits Etf,Art. 9
IE00058B19U6,2.75,13.03,-0.019,-11.01,,,7.26,0.95,,Amundi S&P 500 Climate Paris Aligned Ucits Etf Acc Eur Hedged,Art. 8
IE000JCGTOP1,2.34,21.78,-0.03,-10.17,,,,,,Ossiam Bloomberg Usa Pab Nr Ucits Etf - 1a (Eur Hedged),Art. 9
IE00B6X2VY59,2.88,3.17,-0.039,-1.02,0.081,-1.115,1.29,,,Ishares € Corp Bond Interest Rate Hedged Esg Sri Ucits Etf,Art. 8
IE000S6476U8,1.99,16.7,-0.06,-8.18,,,-6.41,,,Ubs S&P Usa Dividend Aristocrats Esg Elite Ucits Etf Heur Dis,Art. 8
LU2376679564,1.4,21.54,-0.074,-15.09,0.988,-13.688,10.2,,,Xtrackers Ha Msci Chinatech100 Ucits Etf,Art. 8
IE000L4EH2K5,1.83,15.35,-0.076,-10.36,0.579,-8.257,1.3,,,Ivz S&P World Health Care Esg Ucits Etf,Art. 8
IE00BF8J5974,2.8,2.03,-0.096,-1.07,0.038,-0.662,0.86,,,Xt Usd Cor Bond Sh Dur Sri Pab Ucits Etf,Art. 8
LU0322252171,1.15,18.77,-0.099,-11.94,1.094,-15.24,7.63,,,Xtr Msci Acasia Exjpn Esg Swap Ucits Etf,Art. 8
LU0629460675,0.8,16.7,-0.132,-11.19,,,8.63,,,Ubs Msci Emu Socially Responsible Ucits Etf Eur Dis,Art. 8
LU0629460675,0.8,16.7,-0.132,-11.19,,,8.63,,,Ubs Msci Emu Socially Responsible Ucits Etf Eur Dis,Art. 8
IE0005CH3U28,0.37,18.01,-0.146,-16.14,1.178,-15.295,9.56,,,Jpm Us Growth Eq Active Ucits Etf,Art. 8
IE000IEOQSJ3,2.38,3.91,-0.159,-3.57,0.218,-2.966,2.11,,,Jpm Eur High Yield Bond Active Ucits Etf,Art. 8
IE0005FKEK99,1.96,6.43,-0.162,-5.36,0.311,-4.389,2.14,,,Jpm Green Social Sust Ucits Etf Usd Acc,Art. 8
IE000Y247W99,2.62,2.23,-0.171,-1.48,,,0.98,1.3,,Ishares Ibonds Dec 2029 Term $ Corp Ucits Etf Usd (Dist),Art. 8
IE000Y247W99,2.62,2.23,-0.171,-1.48,,,0.98,1.3,,Ishares Ibonds Dec 2029 Term $ Corp Ucits Etf Usd (Dist),Art. 8
IE000BAF6X29,1.06,10.53,-0.184,-7.92,,,7.04,,,Ubs Msci Pacific Ex Japan Imi Socially Responsible Ucits Etf Heur Acc,Art. 8
IE000H92C4B8,2.24,3.93,-0.194,-3.01,,,1.7,,,Ishares € High Yield Corp Bond Esg Paris-Aligned Climate Ucits Etf D,Art. 8
LU3119430570,1.19,9.01,-0.201,-5.43,,,0.62,,,Xtrackers Ii Eurozone Government Bond 10+ Esg Tilted Ucits Etf,Art. 8
IE000FASRFS4,1.77,5.62,-0.219,-3.59,,,2.24,,,Jpm Strategic Allocation Conservative Active Ucits Etf - Eur (Acc),Art. 8
IE00BD4DX952,1.93,4.82,-0.223,-4.02,0.252,-4.158,2.88,,,Xtra Es Us Emer Mar Bon Q W Ucits Etf,Art. 8
IE000EJ2EHO7,1.15,8.09,-0.229,-6.24,,,3.07,,,Ubs Factor Msci World Selection Minimum Volatility Ucits Etf Usd Acc,Art. 8
IE000XOQ9TK4,-1.69,20.16,-0.233,-20.24,1.279,-20.339,12.43,,,Xtrackers Msci Next Gen Net In Ucits Etf,Art. 8
IE00BNC1G699,-1.15,15.91,-0.261,-10.44,,,7.88,,,Xtrackers Msci Emu Esg Ucits Etf,Art. 8
IE0006KNOFD1,1.31,6.19,-0.273,-4.47,,,2.19,,,Fidelity Global Hy Corp Bond Research Enhanced Pab Ucits Etf,Art. 9
LU2194449075,-0.7,12.06,-0.307,-7.9,,,4.23,,,Bnp Paribas Easy Low Carbon 300 World Pab Ucits Etf Capitalisation,Art. 9
LU2194449075,-0.7,12.06,-0.307,-7.9,,,4.23,,,Bnpp Low Carbon 300 World Pab Ucits Etf,Art. 9
IE00036F4K40,-1.84,15.5,-0.312,-10.5,0.636,-12.621,1.75,,,Xtrackers Msci Gl Sdg 3 Health Ucits Etf,Art. 8
LU2008763935,-2.57,17.33,-0.322,-15.9,,,8.19,,,Bnp Paribas Easy Ftse Epra Nareit Developed Europe Green Ctb Ucits Etf,Art. 9
LU2008763935,-2.57,17.33,-0.322,-15.9,,,8.19,,,Bnpp Easy Ftse Epra Eu Ctb Ucits Etf,Art. 9
IE00BLRPRD67,1.45,4.77,-0.324,-2.46,0.158,-3.48,1.56,,,L&G Usd Corporate Bond Screened Ucits Etf,Art. 8
IE0006MM8VN6,1.07,5.71,-0.337,-4.62,0.289,-5.034,2.3,,,Jpm Global Agg Bd Active Ucits Etf,Art. 8
IE000Y9XFN19,1.33,4.86,-0.344,-3.3,,,1.61,0.6,,Ishares Ibonds Dec 2035 Term $ Corp Ucits Etf Usd (Acc),Art. 8
IE000Y9XFN19,1.33,4.86,-0.344,-3.3,,,1.61,0.6,,Ishares Ibonds Dec 2035 Term $ Corp Ucits Etf Usd (Acc),Art. 8
LU2941599164,2.75,0.71,-0.353,-0.29,,,0.31,,,Janus Henderson Eur Aaa Clo Active Core Ucits Etf,Art. 8
LU1215451524,-2.49,15.27,-0.359,-10.85,,,7.0,,,Ubs Factor Msci Emu Quality Screened Ucits Etf Eur Dis,Art. 8
LU1215451524,-2.49,15.27,-0.359,-10.85,,,7.0,,,Ubs Factor Msci Emu Quality Screened Ucits Etf Eur Dis,Art. 8
IE000S2QZKI8,1.03,5.44,-0.361,-3.66,0.265,-4.818,1.56,,,Jpm Global Ig Corporate Bond Active Ucits Etf Usd Acc,Art. 8
IE0002U1PIC8,1.6,3.86,-0.363,-2.67,,,1.44,,,Schroder Glb Ig Corp Bond Aetf Acc Eur H,Art. 8
IE0000UJ3480,0.99,5.51,-0.365,-3.27,,,-0.38,0.42,,Ishares Ibonds Dec 2028 Term Usd Corp Ucits Etf Usd (Acc),Art. 8
IE000ZO4CUT7,1.64,3.55,-0.383,-2.75,,,1.94,,,L&G Emerging Markets Corporate Bond (Usd) Screened Ucits Etf,Art. 8
LU3138597383,-1.91,12.5,-0.393,-3.12,,,-0.84,,,Ossiam Global Perspectives Ucits Etf 1d (Eur),Art. 8
IE00BF59RV63,1.17,4.46,-0.41,-2.99,0.193,-3.903,1.76,,,Jpm Usd Ig Corp Ucits Etf Usd Acc,Art. 8
IE00BLF7VX27,0.96,4.89,-0.418,-2.89,0.184,-4.02,1.86,,,State Street Spdr Bloomberg U.S. Corporate Scored Ucits Etf (Acc),Art. 8
IE0003HV7CS6,1.66,3.13,-0.429,-2.2,,,1.15,,,Ishares Ibonds Dec 2028 Term € Corp Crossover Ucits Etf,Art. 8
IE0003HV7CS6,1.66,3.13,-0.429,-2.2,,,1.15,,,Ishares Ibonds Dec 2028 Term € Corp Crossover Ucits Etf Eur (Acc),Art. 8
LU1852211215,1.62,3.11,-0.443,-1.41,,,0.63,,,Ubs Sustainable Development Bank Bonds Ucits Etf Usd Acc,Art. 8
IE00BLRPRF81,0.16,6.37,-0.446,-4.59,,,0.69,,,L&G Emerging Markets Corporate Bond (Usd) Screened Ucits Etf,Art. 8
IE0000H445G8,-4.78,17.22,-0.452,-12.29,0.799,-16.374,6.58,,,Vaneck New China Ucits Etf,Art. 8
IE000940RNE6,-19.59,49.6,-0.455,-39.98,2.395,-51.897,14.34,,,Wisdomtree Blockchain Ucits Etf Usd Acc,Art. 8
IE0006FFX5U1,-4.78,16.88,-0.461,-16.03,1.078,-20.974,8.73,,,Xtrackers Msci Innovation Ucits Etf,Art. 8
LU3028243122,1.38,3.42,-0.474,-3.02,,,0.5,,,Ubs Eur Aaa Clo Ucits Etf Eur Acc,Art. 8
IE000HDEYKM3,1.41,3.17,-0.502,-2.99,,,1.38,,,Fidelity Eur Hy Corp Bond Research Enhanced Pab Ucits Etf - Inc,Art. 9
IE0007WJ6B10,-4.47,14.42,-0.518,-10.99,0.56,-14.315,1.47,,,Xtrackers Msci Global Clean Water & Sanitation Ucits Etf,Art. 8
IE00BL58LJ19,0.12,5.49,-0.526,-3.4,0.209,-5.444,1.97,,,Xt Usd Corporate Bond Sri Pab  Ucits Etf,Art. 8
IE000HDPAH09,0.3,5.14,-0.526,-3.83,,,0.94,,,Pimco Advantage Euro Government Bond Ucits Etf,Art. 8
IE00BQQP9H09,-4.16,13.5,-0.53,-11.86,0.747,-15.19,4.62,,,Vaneck Morningstar Us Esg Wide Moat Ucits Etf,Art. 8
IE00BQQP9H09,-4.16,13.5,-0.53,-11.86,0.747,-15.19,4.62,,,Vaneck Mstar Us Esg Wide Moat Ucits Etf,Art. 8
IE000RN58M26,-8.89,22.1,-0.538,-21.02,,,9.77,,,Ishares Metaverse Ucits Etf,Art. 8
IE000RN58M26,-8.89,22.1,-0.538,-21.02,,,9.77,,,Ishares Metaverse Ucits Etf Usd (Acc),Art. 8
LU2408467723,2.35,1.17,-0.554,-1.17,,,0.67,,,Ubs Bbg Msci Us Liquid Corp 1-5 Sustainable Ucits Etf Usd Acc,Art. 8
LU3119430497,-0.06,5.52,-0.555,-3.91,,,0.69,,,Xtrackers Ii Eurozone Government Bond 7-10 Esg Tilted Ucits Etf,Art. 8
IE0006GNB732,-0.22,5.72,-0.564,-3.94,,,1.05,,,Xtrackers Eur High Yield Corporate Bond Sri Pab Ucits Etf,Art. 8
IE000UJSC3C9,0.63,3.83,-0.621,-2.72,,,1.65,,,Ishares Ibonds Dec 2029 Term € Corp Crossover Ucits Etf,Art. 8
IE000UJSC3C9,0.63,3.83,-0.621,-2.72,,,1.65,,,Ishares Ibonds Dec 2029 Term € Corp Crossover Ucits Etf Eur (Acc),Art. 8
LU1215461085,0.26,4.37,-0.628,-2.74,0.174,-4.875,1.63,,,Ubs Bbg Msci Us Liquid Corp Sustainable Ucits Etf Usd Dis,Art. 8
LU1215461085,0.26,4.37,-0.628,-2.74,0.174,-4.875,1.63,,,Ubs Bbg Msci Us Liquid Corp Sustainable Ucits Etf Usd Dis,Art. 8
LU0879399441,-0.74,5.92,-0.633,-2.17,,,0.92,,,Ubs Sbi® Foreign Aaa-Bbb 5-10 Esg Ucits Etf Chf Dis,Art. 8
IE00032L0R44,-0.27,4.81,-0.68,-3.34,,,1.62,-0.19,,Ishares Ibonds Dec 2035 Term $ Corp Ucits Etf Usd (Dist),Art. 8
LU3119430224,-0.09,4.54,-0.681,-3.13,,,0.58,,,Xtrackers Ii Eurozone Government Bond 5-7 Esg Tilted Ucits Etf,Art. 8
IE00BD4DXB77,-0.73,5.35,-0.697,-4.19,,,2.44,,,Xtr Esg Usd Em B Qu We Ucits Etf,Art. 8
IE000JS4ANL9,-1.2,5.72,-0.734,-4.56,0.252,-7.284,1.25,,,Jpm Global Government Bond Active Ucits Etf Usd Acc,Art. 8
LU1953188833,-10.33,18.13,-0.735,-12.66,,,4.58,,,Ubs Msci China Universal Ucits Etf Usd Dis,Art. 8
LU0879397742,-0.02,3.63,-0.833,-1.29,,,0.25,,,Ubs Sbi® Foreign Aaa-Bbb 1-5 Esg Ucits Etf Chf Dis,Art. 8
IE000P0R7WK6,-1.46,5.26,-0.848,-2.92,,,0.55,,,Franklin Sust Euro Green Sover Ucits Etf,Art. 9
IE00B6YX5H87,1.17,2.15,-0.849,-1.18,,,0.51,,,State Street Spdr Bloomberg 0-3 Year Euro Corporate Scored Ucits Etf (Acc),Art. 8
IE00B6YX5H87,1.17,2.15,-0.849,-1.18,,,0.51,,,State Street Spdr Bloomberg 0-3 Year Euro Corporate Scored Ucits Etf (Acc),Art. 8
IE000MCVFK47,-0.15,3.65,-0.863,-2.61,,,0.99,,,Xtrackers Eur Corp Green Bond Ucits Etf,Art. 9
IE000NFR7C63,-17.65,23.72,-0.871,-21.81,,,8.47,,,Ishares Msci China Tech Ucits Etf Usd (Acc),Art. 8
NL0009690247,-1.46,4.8,-0.928,-3.26,,,1.21,,,Vaneck Iboxx Eur Corporates Ucits Etf,Art. 8
IE000YMQ2SC9,1.47,1.65,-0.929,-0.58,,,0.49,,,L&G Corporate Bond Ex-Banks Higher Ratings 0-2y Ucits Etf Eur H,Art. 8
LU2809864452,-1.2,4.52,-0.93,-3.29,,,1.4,,,Xtrackers Target Maturity Sept 2032 Eur Corporate Bond Ucits Etf,Art. 8
IE0009QS7W62,-9.96,13.87,-0.934,-9.8,,,1.93,,,Ishares Msci World Health Care Sector Ucits Etf Usd (Acc),Art. 8
LU1805389258,-0.49,3.73,-0.935,-2.95,,,1.28,,,Ubs Core Bbg Euro Area Liquid Corp Ucits Etf Eur Dis,Art. 8
IE00BF59RX87,-0.55,3.68,-0.963,-2.81,,,1.2,,,Jpm Eur Ig Corp Ucits Etf Eur Acc,Art. 8
IE00BJK55C48,-2.77,5.95,-0.969,-3.12,,,1.63,,,Ishares € High Yield Corp Bond Esg Sri Ucits Etf,Art. 8
IE00BJK55C48,-2.77,5.95,-0.969,-3.12,,,1.63,,,Ishares € High Yield Corp Bond Esg Sri Ucits Etf,Art. 8
LU2099991536,-1.06,4.18,-0.969,-2.15,,,0.72,,,Ubs Bbg Msci Global Liquid Corp Sustainable Ucits Etf Usd Acc,Art. 8
IE000UY6XF65,-1.94,5.09,-0.971,-3.84,,,1.31,,,Ishares Ibonds Dec 2034 Term € Corp Ucits Etf,Art. 8
IE000UY6XF65,-1.94,5.09,-0.971,-3.84,,,1.31,,,Ishares Ibonds Dec 2034 Term € Corp Ucits Etf Eur (Acc),Art. 8
IE000I660ZF8,-1.4,4.5,-0.977,-3.33,,,1.2,,,Ishares Ibonds Dec 2032 Term € Corp Ucits Etf,Art. 8
IE000I660ZF8,-1.4,4.5,-0.977,-3.33,,,1.2,,,Ishares Ibonds Dec 2032 Term € Corp Ucits Etf Eur (Acc),Art. 8
IE00BHZRR253,-0.91,4.0,-0.978,-2.62,,,0.56,,,Franklin Sustain Euro Gr Bond Ucits Etf,Art. 9
IE00BHZRR253,-0.91,4.0,-0.978,-2.62,,,0.56,,,Franklin Sustainable Euro Green Bond Ucits Etf,Art. 9
IE0005B8WVT6,-9.74,12.93,-0.986,-8.5,0.414,-17.198,3.8,,,Vaneck Sust Future Of Food Ucits Etf,Art. 9
LU3119987140,-1.27,4.32,-0.988,-2.64,,,1.04,,,Yis Msci Eur Ig Esg Select Corporate Bond,Art. 8
IE00BMDBMN04,-1.41,4.45,-0.991,-3.3,,,0.78,,,Ishares € Green Bond Ucits Etf,Art. 9
LU2343997487,-18.13,21.21,-0.996,-17.52,0.96,-32.872,5.33,,,Amundi Msci China Esg Selection - Ucits Etf Dr (C),Art. 9
LU2673523135,-0.97,3.97,-0.998,-3.04,,,1.25,,,Xtrackers Target Maturity Sept 2031 Eur Corporate Bond Ucits Etf A,Art. 8
IE000L2TO2T2,-0.32,3.33,-0.999,-2.58,,,1.42,,,Ishares € Corp Bond Esg Sri Ucits Etf,Art. 8
IE00BYZTVT56,-0.56,3.5,-1.015,-2.72,0.177,-5.724,1.22,,,Ishares € Corp Bond Esg Sri Ucits Etf,Art. 8
IE00BLPK3577,-33.47,35.84,-1.018,-30.39,0.874,-47.165,1.03,,,Wisdomtree Cybersecurity Ucits Etf,Art. 8
IE00BLPK3577,-33.47,35.84,-1.018,-30.39,0.874,-47.165,1.03,,,Wisdomtree Cybersecurity Ucits Etf - Usd Acc,Art. 8
IE000O1FWAW6,-2.28,5.16,-1.022,-4.08,,,1.53,,,Ishares Ibonds Dec 2035 Term € Corp Ucits Etf,Art. 8
IE000O1FWAW6,-2.28,5.16,-1.022,-4.08,,,1.53,,,Ishares Ibonds Dec 2035 Term € Corp Ucits Etf Eur (Acc),Art. 8
LU2673523481,-1.14,4.04,-1.024,-3.03,,,1.25,,,Xtrackers Mat Sept31 Eur Corp Ucits Etf,Art. 8
IE000ZBGZQM8,-1.75,4.63,-1.025,-3.54,,,1.4,,,Ishares Ibonds Dec 2033 Term € Corp Ucits Etf,Art. 8
IE000ZBGZQM8,-1.75,4.63,-1.025,-3.54,,,1.4,,,Ishares Ibonds Dec 2033 Term € Corp Ucits Etf Eur (Acc),Art. 8
IE00BNDS1Q47,-1.12,4.0,-1.031,-2.75,,,1.44,,,Vanguard Esg Gl Cor Bond Ucits Etf Hdg D,Art. 8
IE00BNDS1Q47,-1.12,4.0,-1.031,-2.75,,,1.44,,,Vanguard Esg Global Corporate Bond Ucits Etf Eur Hedged Distributing,Art. 8
LU3119430141,-0.1,2.99,-1.037,-2.38,,,0.52,,,Xtrackers Ii Eurozone Government Bond 3-5 Esg Tilted Ucits Etf,Art. 8
LU2809864619,-1.81,4.64,-1.038,-3.81,,,1.52,,,Xtrackers Target Maturity Sept 2034 Eur Corporate Bond Ucits Etf,Art. 8
LU3065090717,0.66,2.25,-1.038,-1.39,,,0.29,,,Ubs Sustainable Development Bank Bonds 1-5 Ucits Etf Heur Dis,Art. 9
LU2673523564,-1.86,4.66,-1.042,-3.54,,,1.43,,,Xtrackers Mat Sept33 Eur Corp Ucits Etf,Art. 8
LU0484968812,-0.76,3.58,-1.049,-2.65,,,1.14,,,Xtrackers Eur Corp B Sri Pab  Ucits Etf,Art. 8
IE00BJXRZJ40,-28.25,29.44,-1.061,-28.4,0.512,-37.737,4.94,,,Rize Cybersecurity & Privacy Ucits Etf,Art. 8
IE00BJXRZJ40,-28.25,29.44,-1.061,-28.4,0.512,-37.737,4.94,,,Rize Cybersecurity And Data Privacy Ucits Etf,Art. 8
IE00BLDGH553,-1.78,4.46,-1.07,-3.48,,,0.64,,,Ishares € Govt Bond Climate Ucits Etf,Art. 8
IE00BN4GXL63,-0.82,3.57,-1.071,-2.66,,,1.12,,,Janus Henderson Eur Ig Bond Paris-Aligned Climate Core Ucits Etf Acc,Art. 9
LU2446383338,0.04,2.75,-1.076,-2.41,,,1.04,,,Bnp Paribas Easy Eur Corp Bond Sri Pab 3-5y Ucits Etf,Art. 9
LU2356220926,-3.93,6.4,-1.083,-4.79,,,0.75,,,Amundi Eur Gvrnmet Green Bnd Ucits Etf,Art. 9
LU2356220926,-3.93,6.4,-1.083,-4.79,,,0.75,,,Amundi Euro Government Green Bond   Ucits Etf Acc,Art. 9
IE000SE6KPV2,-0.72,3.43,-1.086,-2.65,,,1.16,,,Ishares € Corp Esg Paris Clima Ucits Etf,Art. 8
IE000QADMYA3,-0.73,3.39,-1.102,-2.63,,,1.17,,,Vanguard Esg Eur Corp Bond Ucits Etf A,Art. 8
IE000QADMYA3,-0.73,3.39,-1.102,-2.63,,,1.17,,,Vanguard Esg Eur Corporate Bond Ucits Etf  (Eur) Accumulating,Art. 8
IE000LX17BP9,-1.0,3.61,-1.108,-2.82,,,0.95,,,Ishares Ibonds Dec 2030 Term Eur Corp Ucits Etf Eur (Dist),Art. 8
IE000LX17BP9,-1.0,3.61,-1.108,-2.82,,,0.95,,,Ishares Ibonds Dec 30 Eur Corp Ucits Etf,Art. 8
IE0006QCIHM0,-1.67,4.2,-1.112,-2.86,,,1.59,,,Fidelity Global Corp Bond Research Enhanced Pab Ucits Etf,Art. 9
LU2697596745,-0.88,3.45,-1.126,-2.66,,,1.14,,,Bnp Paribas Easy Esg Enhanced Eur Corp Bond Ucits Etf,Art. 9
LU2697596745,-0.88,3.45,-1.126,-2.66,,,1.14,,,Bnp Paribas Easy Esg Enhanced Eur Corp Bond Ucits Etf,Art. 9
IE0000VKUF67,-0.81,3.37,-1.128,-2.57,,,1.08,,,Fidelity Eur Corp Bond Research Enhanced Pab Ucits Etf,Art. 9
LU2976321161,-0.61,3.19,-1.13,-2.56,,,0.63,,,Yis 1-10 Year Emu Government Bond Ucits Etf Eur,Art. 8
IE000Y2BJVK9,-0.83,3.35,-1.145,-2.8,,,1.03,,,Ishares Ibonds Dec 30 € Corp Ucits Etf A,Art. 8
IE000NBRE3P7,2.19,0.71,-1.146,-0.15,,,0.29,,,Ishares € Ultrashort Bond Esg Sri Ucits Etf,Art. 8
IE000AK4O3W6,0.88,1.85,-1.148,-0.98,,,0.41,,,Ishares € Corp Bond 0-3yr Esg Sri Ucits Etf,Art. 8
IE00049TNTV6,-1.92,4.28,-1.149,-3.95,0.21,-7.174,0.95,,,Jpm Eur Aggregate Bond Active Ucits Etf,Art. 8
IE000D1DAPO5,-2.04,4.36,-1.155,-3.52,,,0.65,-1.05,,Robeco Climate Euro Government Bond Ucits Etf Eur Acc,Art. 8
IE000D9WMGF0,-1.36,3.77,-1.156,-3.18,,,1.2,,,Ishares Ibonds Dec 2031 Term € Corp Ucits Etf,Art. 8
IE000D9WMGF0,-1.36,3.77,-1.156,-3.18,,,1.2,,,Ishares Ibonds Dec 2031 Term € Corp Ucits Etf Eur (Acc),Art. 8
IE00B3DKXQ41,-1.48,3.83,-1.169,-3.13,,,0.75,,,Ishares € Aggregate Bond Esg Sri Ucits Etf,Art. 8
IE00B3DKXQ41,-1.48,3.83,-1.169,-3.13,,,0.75,,,Ishares € Aggregate Bond Esg Sri Ucits Etf,Art. 8
LU2976321328,-2.03,4.29,-1.172,-3.36,,,0.61,,,Yis Emu Government Bond Ucits Etf Eur,Art. 8
LU1215461325,-1.61,3.92,-1.178,-2.44,,,1.41,,,Ubs Bbg Msci Us Liquid Corp Sustainable Ucits Etf Heur Acc,Art. 8
LU1215461325,-1.61,3.92,-1.178,-2.44,,,1.41,,,Ubs Bbg Msci Us Liquid Corp Sustainable Ucits Etf Heur Acc,Art. 8
IE000F37PGZ3,-0.67,3.09,-1.186,-2.74,,,1.22,,,Vanguard Esg Eur Corp Bond Ucits Etf D,Art. 8
IE000F37PGZ3,-0.67,3.09,-1.186,-2.74,,,1.22,,,Vanguard Esg Eur Corporate Bond Ucits Etf (Eur) Distributing,Art. 8
IE00BF59RW70,0.27,2.29,-1.19,-1.97,0.125,-4.077,1.01,,,Jpm Eur 1-5y Ig Corp Ucits Etf Eur Acc,Art. 8
IE000IHURBR0,-0.44,2.89,-1.191,-2.22,,,0.97,,,Ishares Ibonds Dec 2029 Term Eur Corp Ucits Etf Eur (Dist),Art. 8
IE000IHURBR0,-0.44,2.89,-1.191,-2.22,,,0.97,,,Ishares Ibonds Dec 29 Eur Corp Ucits Etf,Art. 8
LU2468423459,-2.28,4.38,-1.206,-2.97,,,-0.23,,,Xtrackers Esg Eurozone Govt Ucits Etf,Art. 8
IE000ZAJ6XQ2,-19.3,18.28,-1.22,-18.43,0.857,-31.514,6.1,,,Jpm India Research Enhanced Index Equity Active Ucits Etf Usd Acc,Art. 8
LU2365458814,-2.14,4.11,-1.249,-3.47,,,0.72,-1.1,,Bnp Paribas Easy Jpm Esg Green Social & Sustainability Ig Eur Bond Ucits Etf,Art. 9
LU2365458814,-2.14,4.11,-1.249,-3.47,,,0.72,-1.1,,Bnp Paribas Easy Jpm Esg Green Social & Sustainability Ig Eur Bond Ucits Etf,Art. 9
IE000BZXJJ24,-0.31,2.63,-1.26,-1.84,,,0.87,,,Ishares Ibonds Dec 2030 Term $ Corp Ucits Etf Usd (Dist),Art. 8
IE000BZXJJ24,-0.31,2.63,-1.26,-1.84,,,0.87,,,Ishares Ibonds Dec 2030 Term $ Corp Ucits Etf Usd (Dist),Art. 8
IE00BJGWQN72,-43.57,36.53,-1.275,-34.35,,,-1.46,,,Wisdomtree Cloud Comput Ucits Etf Usd A,Art. 8
IE00BJGWQN72,-43.57,36.53,-1.275,-34.35,,,-1.46,,,Wisdomtree Cloud Computing Ucits Etf - Usd Acc,Art. 8
LU2365458731,-2.21,4.05,-1.288,-3.44,,,0.71,-1.13,,Bnp Paribas Easy Jpm Esg Green Social & Sustainability Ig Eur Bond Ucits Etf,Art. 9
LU2809864296,-0.98,3.09,-1.288,-2.69,,,1.09,,,Xtrackers Target Maturity Sept 2030 Eur Corporate Bond Ucits Etf,Art. 8
LU2976320866,-8.53,8.94,-1.29,-4.67,,,0.67,,,Yis 5+ Year Emu Government Bond Ucits Etf Eur,Art. 8
IE000SNLFDR7,-0.54,2.74,-1.293,-2.23,,,1.03,,,Ishares Ibonds Dec 29 € Corp Ucits Etf A,Art. 8
LU0942970798,-1.98,3.78,-1.319,-3.11,,,1.6,,,Xtrackers Ii Esg Glo Agg Bond Ucits Etf,Art. 8
IE000CCQKON9,1.84,0.87,-1.338,-0.29,,,0.36,,,Janus Henderson Eur Short Duration Income Active Core Ucits Etf Eur Acc,Art. 8
LU2673522913,-0.32,2.45,-1.356,-2.01,,,0.96,,,Xtrackers Target Maturity Sept 2029 Eur Corporate Bond Ucits Etf A,Art. 8
LU2673523309,-0.55,2.59,-1.371,-2.04,,,0.95,,,Xtrackers Mat Sept29 Eur Corp Ucits Etf,Art. 8
LU2069380306,-1.06,2.93,-1.383,-2.41,,,0.42,,,Ossiam Euro Gov 3-5 Carb Reduc Ucits Etf,Art. 8
IE0008UEVOE0,-0.01,2.16,-1.391,-1.71,,,0.79,,,Ishares Ibonds 28 € Crp Eur A Ucits Etf,Art. 8
IE0008UEVOE0,-0.01,2.16,-1.391,-1.71,,,0.79,,,Ishares Ibonds Dec 2028 Term € Corp Ucits Etf Eur (Acc),Art. 8
IE0006K7DEL9,-0.1,2.22,-1.394,-1.73,,,0.61,,,Franklin Sust Eu Green Crp 1-5 Ucits Etf,Art. 9
LU0292104469,-34.09,26.17,-1.418,-27.18,,,8.67,,,Xtrackers Msci Europe Information Technology Screened Ucits Etf,Art. 8
IE000264WWY0,0.08,2.05,-1.421,-1.47,,,0.82,,,Ishares Ibonds 28 € Crp Eur Ds Ucits Etf,Art. 8
LU2484583302,-0.9,2.73,-1.43,-2.43,,,1.0,,,Ubs Global Green Bond Esg 1-10 Ucits Etf Heur Acc,Art. 8
LU2810185665,0.04,2.01,-1.47,-1.42,,,0.68,,,Xtrackers Target Maturity Sept 2028 Eur Corporate Bond Ucits Etf,Art. 8
IE000YDOORK7,-25.43,18.66,-1.523,-24.2,1.052,-41.298,7.3,,,Xtrackers Msci Fintech Innovat Ucits Etf,Art. 8
IE00BYZTVV78,0.88,1.39,-1.528,-0.93,,,0.58,,,Ishares € Corp Bond 0-3yr Esg Sri Ucits Etf,Art. 8
IE0008P6LL15,-6.85,6.43,-1.533,-3.22,,,-0.26,,,Jpm Global Government Bond Active Ucits Etf Eur H Acc,Art. 8
IE000MZFIJ99,-24.26,17.59,-1.55,-19.33,,,6.39,,,Ubs Msci India Universal Ucits Etf Usd Dis,Art. 8
IE000SIZJ2B2,1.93,0.69,-1.563,-0.13,,,0.24,,,Ishares Ibonds 26 € Crp Eur Ds Ucits Etf,Art. 8
LU2385068163,-2.94,3.76,-1.58,-2.34,,,-0.08,,,Xtrackers Esg Global Governmen Ucits Etf,Art. 8
LU1974694553,-2.46,3.46,-1.581,-2.9,,,0.72,,,Ubs J.P. Morgan Global Gov Esg Liquid Bond Ucits Etf Heur Acc,Art. 8
IE00BD9MMF62,1.77,0.76,-1.612,-0.35,,,0.3,,,Jpm Eur Ult Short Inc Ucits Etf Eur Acc,Art. 8
IE000ZOI8OK5,0.64,1.46,-1.621,-0.67,,,0.39,,,Ishares Ibonds 27 € Crp Eur A Ucits Etf,Art. 8
IE000ZOI8OK5,0.64,1.46,-1.621,-0.67,,,0.39,,,Ishares Ibonds Dec 2027 Term € Corp Ucits Etf Eur (Acc),Art. 8
LU1974693662,-3.68,4.03,-1.655,-2.43,,,-0.12,,,Ubs J.P. Morgan Global Gov Esg Liquid Bond Ucits Etf Usd Acc,Art. 8
LU2673522830,1.31,0.98,-1.721,-0.47,,,0.37,,,Xtrackers Target Maturity Sept 2027 Eur Corporate Bond Ucits Etf A,Art. 8
LU2385068593,-3.35,3.67,-1.731,-2.73,,,0.16,,,Xtrackers Esg Glb Govern Ucits Etf Eur H,Art. 8
LU2673523218,1.37,0.93,-1.75,-0.47,,,0.42,,,Xtrackers Mat Sept27 Eur Corp Ucits Etf,Art. 8
IE000H5X52W8,0.99,1.06,-1.892,-0.71,,,0.51,,,Ishares Ibonds 27 € Crp Eur Ucits Etf D,Art. 8
IE000H5X52W8,0.99,1.06,-1.892,-0.71,,,0.51,,,Ishares Ibonds Dec 2027 Term Corp Ucits Etf Eur (Dist),Art. 8
IE00BYWQWR46,-35.79,19.59,-1.981,-24.04,0.951,-49.02,5.26,,,Vaneck Video Gaming And Esports Ucits Etf,Art. 8
IE0005TF96I9,-22.82,12.52,-2.063,-15.89,,,0.03,,,Vaneck Medical Robotics And Bionic Engineering Ucits Etf,Art. 9
LU3119430067,0.16,1.33,-2.143,-1.19,,,0.26,,,Xtrackers Ii Eurozone Government Bond 1-3 Esg Tilted Ucits Etf,Art. 8
IE000RW7V8Q4,1.85,0.4,-2.909,-0.09,,,0.17,,,Ubs Eur Ultra-Short Bond Screened Ucits Etf Eur Acc,Art. 8
IE000WXLHR76,1.77,0.41,-3.005,-0.09,,,0.22,,,Janus Henderson Eur Ultrashort Ig Bond Paris-Aligned Climate Core Ucits Etf Eur Acc,Art. 9
LU2898088419,2.29,0.18,-3.93,-0.04,,,0.19,,,Ossiam Serenity Euro - Ucits Etf 1c (Eur),Art. 8
